draws,vs_hash,ps_hash,rb_mode,rb_surface,rb_color,rb_depth
84443,FF1B57758A6510AD,63FE9C492BBE69EA,5,335545600,2852126724,158373734
84443,FF1B57758A6510AD,63FE9C492BBE69EA,4,335545600,2852126724,158373734
74795,E4C1704E825A22E9,BE398F0A17FF758A,4,167903872,2852126732,158373728
30309,3B461EB3DED1AF1B,35BCC0DAF0A2BB4E,4,335545600,2852126724,7341926
23631,31168A8B9ADBEEFA,C1F710FEF8A2B765,4,335545600,2852126724,7341926
19932,ED95464C566702F9,BE398F0A17FF758A,4,167903872,2852126732,158373728
19317,BDF7192DAE754B41,B39B0812D39FA4DF,4,335545600,2852126724,7341926
17072,8FFA963ABFBAC730,BE398F0A17FF758A,4,167903872,2852126732,158373728
10694,6F6E4E24A1EC71E1,BE398F0A17FF758A,4,167903872,2852126732,158373728
8228,699E5A749A8DCA52,BE398F0A17FF758A,4,167903872,2852126732,158373728
7194,D01B738BEB29D209,9567C79307ACC6F5,4,335545600,2852126727,7341922
6612,1CAF146888195A80,21759FF865F911AC,5,335545600,2852126724,158373734
6612,1CAF146888195A80,21759FF865F911AC,4,335545600,2852126724,158373734
5760,0A6D1DD7767FDF27,2E372EA28CC404B7,4,335545600,2852126732,0
4178,BF9C0E0C0944EE0B,81AAB911E57E0520,4,335545600,2852126724,7341926
4144,5B531F3D43CC4255,0F334426AC3E1A1C,4,335545600,2852126732,158373734
3360,C240C3B72008312F,0998A79402EC7CB5,5,335545600,2852126724,158373734
3360,C240C3B72008312F,0998A79402EC7CB5,4,335545600,2852126724,158373734
3168,593E6D5BFEF79371,4A4317D5054289C2,4,335545600,2852126732,158373734
3126,28F449FE0D4FD393,956E36286A63C5F7,4,335545600,2852126732,7341926
3113,70C0A39504C320A1,A73210DD82D990A1,4,335545600,2852126724,7341926
3000,9370721EE22E9B75,81AAB911E57E0520,4,335545600,2852126724,7341926
2880,0A6D1DD7767FDF27,2E372EA28CC404B7,4,167903872,2852126732,0
2880,0A6D1DD7767FDF27,2E372EA28CC404B7,4,335545600,2852126724,0
2342,7D53D379CA0ACF16,D83D5C510E9D0141,5,335545600,2852126724,158373734
2342,7D53D379CA0ACF16,D83D5C510E9D0141,4,335545600,2852126724,158373734
2072,D01B738BEB29D209,9567C79307ACC6F5,4,335545600,2852126732,7340659
1908,78040F9459DD9AAA,0E748226FA0DA4C1,4,335545600,2852126724,7341926
1563,145ABDA2ED802BD5,4EB016DFCD3242C7,4,335545600,2852126724,7341926
1507,7B9EA1AE89420BFD,47CDD54245A98710,4,335545600,2852126724,7341926
1440,F5D77AB3561B65DD,0998A79402EC7CB5,5,335545600,2852126724,158373734
1440,F5D77AB3561B65DD,0998A79402EC7CB5,4,335545600,2852126724,158373734
1432,860EE8C8EC7E557C,032738D48CC2C08F,4,335545600,2852126724,7341926
1404,0F90BBA60D5AF5C7,A73210DD82D990A1,4,335545600,2852126724,7341926
1211,0F90BBA60D5AF5C7,E361E93AF3D787C0,4,335545600,2852126724,7341926
960,34AEBE3BC847C2DF,FA0919237C0AB165,5,335545600,2852126724,158373734
960,6A63E687A9324BC3,0B71936AD8B5390C,5,335545600,2852126724,158373734
960,6A63E687A9324BC3,3639630A0FBBAEF2,5,335545600,2852126724,158373734
960,34AEBE3BC847C2DF,FA0919237C0AB165,4,335545600,2852126724,158373734
960,6A63E687A9324BC3,0B71936AD8B5390C,4,335545600,2852126724,158373734
960,6A63E687A9324BC3,3639630A0FBBAEF2,4,335545600,2852126724,158373734
928,3A60C7C1096A40C9,2E372EA28CC404B7,4,335545600,2852126732,7344243
883,4ED75BFE5015C3BC,81AAB911E57E0520,4,335545600,2852126724,7341926
840,B341612F5DE0EAEF,9BAFE30BDF04F4C5,4,167772800,2852126727,7341924
808,D01B738BEB29D209,9567C79307ACC6F5,4,335545600,2852126732,7344242
782,0F90BBA60D5AF5C7,5DB5F8F9CB1818B3,4,335545600,2852126724,7341926
728,F5C270349BB0B44C,E2CEF62EAE21A6AB,4,335545600,2852126732,7344242
692,3A60C7C1096A40C9,2E372EA28CC404B7,4,335545600,2852126732,7340659
562,E89AA6A88BF75CBB,032738D48CC2C08F,4,335545600,2852126724,7341926
516,78040F9459DD9AAA,6D719E275EF976D9,4,335545600,2852126724,7341926
516,E4C1704E825A22E9,BE398F0A17FF758A,4,167903872,2852126732,7341920
483,778DA2DC45F20DA7,3B15E845131CC1D9,4,335545600,2852126732,7341926
480,8601CE5132B544FC,BE398F0A17FF758A,4,167903872,2852126732,7341920
480,078A7F9E52EE836F,3BDD2B7F3280C939,4,335545600,2852126724,158373735
451,D8B10E97418B1FB1,683418498592ABA8,4,335545600,2852126724,7341926
378,1CAF146888195A80,21759FF865F911AC,4,335545600,2852126724,7341926
360,CE2D505A0E7B9767,38392DB754F93075,4,167903872,2852126720,158373632
360,72CBCAA6A7984111,38392DB754F93075,6,167903872,2852126732,0
360,CAA34330CCD91FCC,BBE25B38E4061478,4,335545600,2852126724,158373735
360,A601C06E2654698C,0996B237F2C012CD,4,335545600,2852126724,7341922
360,0A6D1DD7767FDF27,2E372EA28CC404B7,4,167772800,0,0
360,0A6D1DD7767FDF27,2E372EA28CC404B7,5,84017472,0,34679
352,ED95464C566702F9,BE398F0A17FF758A,4,167903872,2852126732,7341920
345,D01B738BEB29D209,9567C79307ACC6F5,4,335545600,2852126732,7341938
335,70C0A39504C320A1,5DB5F8F9CB1818B3,4,335545600,2852126724,7341926
314,519D64546242221E,47CDD54245A98710,4,335545600,2852126724,7341926
295,96C0048F5F5AE30C,5C4CBC591116CEB0,4,335545600,2852126724,7341926
295,78040F9459DD9AAA,2A9A75E4E8373AD5,4,335545600,2852126724,7341926
285,600E290CDF5F2176,47CDD54245A98710,4,335545600,2852126724,7341926
240,72CBCAA6A7984111,BE398F0A17FF758A,6,167903872,2852126732,0
240,3941E23DF6CA176A,E361E93AF3D787C0,4,335545600,2852126724,7341926
240,45C058EAE0A47B40,B39B0812D39FA4DF,4,335545600,2852126724,7341926
240,B82860A31A457CA2,42451A3F806FBF69,4,335545600,2852126724,7341922
240,72CBCAA6A7984111,2E372EA28CC404B7,6,335545600,2852126724,0
240,72CBCAA6A7984111,9BAFE30BDF04F4C5,6,167772800,2852126727,0
240,72CBCAA6A7984111,AF8203A45EE4AE8E,6,335545600,2852126727,0
229,879AA831F2D50C1F,C1F710FEF8A2B765,4,335545600,2852126724,7341926
221,5CEDDD6123BC219C,5DB5F8F9CB1818B3,4,335545600,2852126724,7341926
205,600E290CDF5F2176,E361E93AF3D787C0,4,335545600,2852126724,7341926
203,7B9EA1AE89420BFD,E361E93AF3D787C0,4,335545600,2852126724,7341926
203,20A9CDBA188C09CE,2A9A75E4E8373AD5,4,335545600,2852126724,7341926
186,E56A1996DCD4BEF9,2A9A75E4E8373AD5,4,335545600,2852126724,7341926
163,577613A06D355E33,0FFD36C8426662C2,4,335545600,2852126724,7341926
160,4747FB98561C0F24,6D719E275EF976D9,4,335545600,2852126724,7341926
144,5DEC6D2C32A5CE47,EB8D27874B64008A,4,335545600,2852126724,7341926
144,5DEC6D2C32A5CE47,E14CFCEDBF05C618,4,335545600,2852126724,7341926
144,D8B10E97418B1FB1,072802FF0E92E0A3,4,335545600,2852126724,7341926
129,7D53D379CA0ACF16,D83D5C510E9D0141,4,335545600,2852126724,7341926
120,0A6D1DD7767FDF27,2E372EA28CC404B7,5,167903872,0,34679
120,BEB1B8798714B72D,40C268893516D586,4,167903872,2852126732,158373728
120,72CBCAA6A7984111,40C268893516D586,6,167903872,2852126732,0
120,0A6D1DD7767FDF27,2E372EA28CC404B7,4,167903872,0,34679
120,CAA34330CCD91FCC,3BDD2B7F3280C939,4,335545600,2852126724,158373735
120,46557DE64BFC4377,9B16C6A8418AE1AB,4,335545600,2852126724,158373735
120,19DB282248C69C32,F6E8327BA646ACCD,4,335545600,2852126732,7341926
120,79250E04ABB28836,862E1ECB2CC6F0C6,4,335545600,2852126724,7341926
120,11B1E5F1D1676C24,C1F710FEF8A2B765,4,335545600,2852126724,7341926
120,835AD44F2CAF8F1B,1CCF2CCDD286BA2B,4,335545600,2852126724,7341926
120,835AD44F2CAF8F1B,264105DE75342F76,4,335545600,2852126724,7341926
120,16D5B8AE6C249E95,B4A26046752161C6,4,335545600,2852126724,7341926
120,7F34D50B9C8D2872,72F8FE27BDDD58FD,4,335545600,2852126720,7341824
120,871A3860C63CB28D,059EEADD2781BA31,4,167772800,2852126720,7341936
120,72CBCAA6A7984111,059EEADD2781BA31,6,167772800,2852126724,0
120,871A3860C63CB28D,C65187574559AE17,4,335545600,2852126720,7341922
120,871A3860C63CB28D,AF8203A45EE4AE8E,4,335545600,2852126720,7341824
120,871A3860C63CB28D,1E70EB9513D670C9,4,83886400,2852126720,7341824
120,72CBCAA6A7984111,1E70EB9513D670C9,6,83886400,2852126727,0
120,871A3860C63CB28D,651FD4D1C0591654,4,16777296,2852126720,7341824
120,72CBCAA6A7984111,651FD4D1C0591654,6,16777296,2852126727,0
120,871A3860C63CB28D,B39672E79A9A31DA,4,8388688,2852126720,7341824
120,72CBCAA6A7984111,B39672E79A9A31DA,6,8388688,2852126727,0
120,871A3860C63CB28D,28113F6D03B7E996,4,8388688,2852126720,7341824
120,72CBCAA6A7984111,28113F6D03B7E996,6,8388688,2852126727,0
120,871A3860C63CB28D,AA51172941D47B1B,4,8388688,2852126720,7341824
120,72CBCAA6A7984111,AA51172941D47B1B,6,8388688,2852126727,0
120,D3A3A38DF63A3145,040D6633B0AA5D6D,4,8388688,2852126720,7341824
120,72CBCAA6A7984111,040D6633B0AA5D6D,6,8388688,2852126727,0
120,871A3860C63CB28D,287160844A17DEA4,4,83886400,2852126720,7341824
120,72CBCAA6A7984111,287160844A17DEA4,6,83886400,2852126727,0
120,118071C8F97830EA,B8B3F881054E85FB,4,83886400,2852126720,7341824
120,72CBCAA6A7984111,B8B3F881054E85FB,6,83886400,2852126727,0
120,118071C8F97830EA,1276813A772FDBFC,4,41943200,2852126720,7341824
120,72CBCAA6A7984111,1276813A772FDBFC,6,41943200,2852126727,0
120,118071C8F97830EA,7407441295D9968F,4,41943200,2852126720,7341824
120,72CBCAA6A7984111,7407441295D9968F,6,41943200,2852126727,0
120,871A3860C63CB28D,2679C172F83DE85D,4,335545600,2852126720,7341824
120,72CBCAA6A7984111,2679C172F83DE85D,6,335545600,2852126727,0
120,118071C8F97830EA,DB6A2996BA148383,4,335545600,2852126720,7341824
120,72CBCAA6A7984111,DB6A2996BA148383,6,335545600,2852126727,0
120,0A6D1DD7767FDF27,2E372EA28CC404B7,5,167903872,2852126727,34679
120,72CBCAA6A7984111,2E372EA28CC404B7,6,335545600,2852126732,0
115,3A60C7C1096A40C9,2E372EA28CC404B7,4,335545600,2852126732,7344242
105,86DCD90A6D954638,21759FF865F911AC,5,335545600,2852126724,158373734
105,86DCD90A6D954638,21759FF865F911AC,4,335545600,2852126724,158373734
90,699E5A749A8DCA52,BE398F0A17FF758A,4,167903872,2852126732,7341920
88,D4E08CDBA392318F,2A9A75E4E8373AD5,4,335545600,2852126724,7341926
88,CB6304034C9630A5,E361E93AF3D787C0,4,335545600,2852126724,7341926
78,145ABDA2ED802BD5,5C4CBC591116CEB0,4,335545600,2852126724,7341926
75,20173924C4BA4055,3B15E845131CC1D9,4,335545600,2852126732,7341926
75,86DCD90A6D954638,21759FF865F911AC,4,335545600,2852126724,7341926
72,F5C270349BB0B44C,E2CEF62EAE21A6AB,4,335545600,2852126732,7341938
68,118071C8F97830EA,F9D7929DB6AD1126,4,67109184,2852126720,7341824
68,72CBCAA6A7984111,F9D7929DB6AD1126,6,67109184,2852126727,0
64,577613A06D355E33,A6F547C2957E8B9C,4,335545600,2852126724,7341926
56,0F15E76F04294921,5791273F494B26A6,4,335545600,2852126724,7341920
56,FC2E703B8BD61A63,9567C79307ACC6F5,4,335545600,2852126724,7341924
56,D01B738BEB29D209,9567C79307ACC6F5,4,335545600,2852126727,7341938
55,FAF94BDB30E37A25,0FFD36C8426662C2,4,335545600,2852126724,7341926
35,92459524BB9A9230,D83D5C510E9D0141,5,335545600,2852126724,158373734
35,92459524BB9A9230,D83D5C510E9D0141,4,335545600,2852126724,158373734
34,871A3860C63CB28D,1E70EB9513D670C9,4,67109184,2852126720,7341824
34,72CBCAA6A7984111,1E70EB9513D670C9,6,67109184,2852126727,0
34,7EDFECB4E4B0E179,AFAE26CC336B4559,4,335545600,2852126720,7341824
34,72CBCAA6A7984111,AFAE26CC336B4559,6,335545600,2852126727,0
33,FAF94BDB30E37A25,A6F547C2957E8B9C,4,335545600,2852126724,7341926
32,0F90BBA60D5AF5C7,47CDD54245A98710,4,335545600,2852126724,7341926
25,92459524BB9A9230,D83D5C510E9D0141,4,335545600,2852126724,7341926
17,0DE8EF8541F0EBD8,D83D5C510E9D0141,4,335545600,2852126724,7341926
12,8FFA963ABFBAC730,BE398F0A17FF758A,4,167903872,2852126732,7341920
