kind,vs_hash,ps_hash,primitive,rb_mode,rb_surface,rb_color,rb_depth,count,per_frame
draw,ff1b57758a6510ad,63fe9c492bbe69ea,4,5,335545600,2852126724,158373734,84443,703.69
draw,ff1b57758a6510ad,63fe9c492bbe69ea,4,4,335545600,2852126724,158373734,84443,703.69
draw,e4c1704e825a22e9,be398f0a17ff758a,4,4,167903872,2852126732,158373728,66236,551.97
draw,3b461eb3ded1af1b,35bcc0daf0a2bb4e,4,4,335545600,2852126724,7341926,30309,252.57
draw,31168a8b9adbeefa,c1f710fef8a2b765,4,4,335545600,2852126724,7341926,23631,196.93
draw,bdf7192dae754b41,b39b0812d39fa4df,6,4,335545600,2852126724,7341926,19317,160.97
draw,ed95464c566702f9,be398f0a17ff758a,4,4,167903872,2852126732,158373728,11383,94.86
draw,6f6e4e24a1ec71e1,be398f0a17ff758a,4,4,167903872,2852126732,158373728,10454,87.12
draw,8ffa963abfbac730,be398f0a17ff758a,4,4,167903872,2852126732,158373728,8834,73.62
draw,e4c1704e825a22e9,be398f0a17ff758a,6,4,167903872,2852126732,158373728,8559,71.33
draw,ed95464c566702f9,be398f0a17ff758a,6,4,167903872,2852126732,158373728,8549,71.24
draw,8ffa963abfbac730,be398f0a17ff758a,6,4,167903872,2852126732,158373728,8238,68.65
draw,699e5a749a8dca52,be398f0a17ff758a,6,4,167903872,2852126732,158373728,8228,68.57
draw,d01b738beb29d209,9567c79307acc6f5,4,4,335545600,2852126727,7341922,7194,59.95
draw,1caf146888195a80,21759ff865f911ac,4,5,335545600,2852126724,158373734,6612,55.1
draw,1caf146888195a80,21759ff865f911ac,4,4,335545600,2852126724,158373734,6612,55.1
draw,0a6d1dd7767fdf27,2e372ea28cc404b7,1,4,335545600,2852126732,0,5760,48.0
draw,bf9c0e0c0944ee0b,81aab911e57e0520,6,4,335545600,2852126724,7341926,4178,34.82
draw,5b531f3d43cc4255,0f334426ac3e1a1c,6,4,335545600,2852126732,158373734,4144,34.53
draw,c240c3b72008312f,0998a79402ec7cb5,6,5,335545600,2852126724,158373734,3360,28.0
draw,c240c3b72008312f,0998a79402ec7cb5,6,4,335545600,2852126724,158373734,3360,28.0
draw,593e6d5bfef79371,4a4317d5054289c2,6,4,335545600,2852126732,158373734,3168,26.4
draw,28f449fe0d4fd393,956e36286a63c5f7,6,4,335545600,2852126732,7341926,3126,26.05
draw,70c0a39504c320a1,a73210dd82d990a1,4,4,335545600,2852126724,7341926,3113,25.94
draw,9370721ee22e9b75,81aab911e57e0520,6,4,335545600,2852126724,7341926,3000,25.0
draw,0a6d1dd7767fdf27,2e372ea28cc404b7,1,4,167903872,2852126732,0,2880,24.0
draw,0a6d1dd7767fdf27,2e372ea28cc404b7,1,4,335545600,2852126724,0,2880,24.0
draw,7d53d379ca0acf16,d83d5c510e9d0141,4,5,335545600,2852126724,158373734,2342,19.52
draw,7d53d379ca0acf16,d83d5c510e9d0141,4,4,335545600,2852126724,158373734,2342,19.52
draw,d01b738beb29d209,9567c79307acc6f5,4,4,335545600,2852126732,7340659,2072,17.27
draw,78040f9459dd9aaa,0e748226fa0da4c1,6,4,335545600,2852126724,7341926,1908,15.9
draw,145abda2ed802bd5,4eb016dfcd3242c7,6,4,335545600,2852126724,7341926,1563,13.03
draw,7b9ea1ae89420bfd,47cdd54245a98710,6,4,335545600,2852126724,7341926,1507,12.56
draw,f5d77ab3561b65dd,0998a79402ec7cb5,6,5,335545600,2852126724,158373734,1440,12.0
draw,f5d77ab3561b65dd,0998a79402ec7cb5,6,4,335545600,2852126724,158373734,1440,12.0
draw,860ee8c8ec7e557c,032738d48cc2c08f,4,4,335545600,2852126724,7341926,1432,11.93
draw,0f90bba60d5af5c7,a73210dd82d990a1,6,4,335545600,2852126724,7341926,1404,11.7
draw,0f90bba60d5af5c7,e361e93af3d787c0,6,4,335545600,2852126724,7341926,1211,10.09
draw,34aebe3bc847c2df,fa0919237c0ab165,6,5,335545600,2852126724,158373734,960,8.0
draw,6a63e687a9324bc3,0b71936ad8b5390c,6,5,335545600,2852126724,158373734,960,8.0
draw,6a63e687a9324bc3,3639630a0fbbaef2,6,5,335545600,2852126724,158373734,960,8.0
draw,34aebe3bc847c2df,fa0919237c0ab165,6,4,335545600,2852126724,158373734,960,8.0
draw,6a63e687a9324bc3,0b71936ad8b5390c,6,4,335545600,2852126724,158373734,960,8.0
draw,6a63e687a9324bc3,3639630a0fbbaef2,6,4,335545600,2852126724,158373734,960,8.0
draw,3a60c7c1096a40c9,2e372ea28cc404b7,4,4,335545600,2852126732,7344243,928,7.73
draw,4ed75bfe5015c3bc,81aab911e57e0520,6,4,335545600,2852126724,7341926,883,7.36
draw,b341612f5de0eaef,9bafe30bdf04f4c5,4,4,167772800,2852126727,7341924,840,7.0
draw,d01b738beb29d209,9567c79307acc6f5,4,4,335545600,2852126732,7344242,808,6.73
draw,0f90bba60d5af5c7,5db5f8f9cb1818b3,6,4,335545600,2852126724,7341926,782,6.52
draw,f5c270349bb0b44c,e2cef62eae21a6ab,13,4,335545600,2852126732,7344242,728,6.07
draw,3a60c7c1096a40c9,2e372ea28cc404b7,4,4,335545600,2852126732,7340659,692,5.77
draw,e89aa6a88bf75cbb,032738d48cc2c08f,4,4,335545600,2852126724,7341926,562,4.68
draw,78040f9459dd9aaa,6d719e275ef976d9,6,4,335545600,2852126724,7341926,516,4.3
draw,e4c1704e825a22e9,be398f0a17ff758a,4,4,167903872,2852126732,7341920,516,4.3
draw,778da2dc45f20da7,3b15e845131cc1d9,4,4,335545600,2852126732,7341926,483,4.03
draw,8601ce5132b544fc,be398f0a17ff758a,6,4,167903872,2852126732,7341920,480,4.0
draw,078a7f9e52ee836f,3bdd2b7f3280c939,6,4,335545600,2852126724,158373735,480,4.0
draw,d8b10e97418b1fb1,683418498592aba8,6,4,335545600,2852126724,7341926,451,3.76
draw,1caf146888195a80,21759ff865f911ac,4,4,335545600,2852126724,7341926,378,3.15
draw,ce2d505a0e7b9767,38392db754f93075,13,4,167903872,2852126720,158373632,360,3.0
copy,72cbcaa6a7984111,38392db754f93075,0,6,167903872,2852126732,0,360,3.0
draw,72cbcaa6a7984111,38392db754f93075,8,6,167903872,2852126732,0,360,3.0
draw,caa34330ccd91fcc,bbe25b38e4061478,6,4,335545600,2852126724,158373735,360,3.0
draw,a601c06e2654698c,0996b237f2c012cd,6,4,335545600,2852126724,7341922,360,3.0
draw,0a6d1dd7767fdf27,2e372ea28cc404b7,8,4,167772800,0,0,360,3.0
draw,0a6d1dd7767fdf27,2e372ea28cc404b7,8,5,84017472,0,34679,360,3.0
draw,ed95464c566702f9,be398f0a17ff758a,4,4,167903872,2852126732,7341920,352,2.93
draw,d01b738beb29d209,9567c79307acc6f5,4,4,335545600,2852126732,7341938,345,2.88
draw,70c0a39504c320a1,5db5f8f9cb1818b3,4,4,335545600,2852126724,7341926,335,2.79
draw,519d64546242221e,47cdd54245a98710,4,4,335545600,2852126724,7341926,314,2.62
draw,96c0048f5f5ae30c,5c4cbc591116ceb0,6,4,335545600,2852126724,7341926,295,2.46
draw,78040f9459dd9aaa,2a9a75e4e8373ad5,6,4,335545600,2852126724,7341926,295,2.46
draw,600e290cdf5f2176,47cdd54245a98710,4,4,335545600,2852126724,7341926,285,2.38
copy,72cbcaa6a7984111,be398f0a17ff758a,0,6,167903872,2852126732,0,240,2.0
draw,72cbcaa6a7984111,be398f0a17ff758a,8,6,167903872,2852126732,0,240,2.0
draw,6f6e4e24a1ec71e1,be398f0a17ff758a,6,4,167903872,2852126732,158373728,240,2.0
draw,3941e23df6ca176a,e361e93af3d787c0,6,4,335545600,2852126724,7341926,240,2.0
draw,45c058eae0a47b40,b39b0812d39fa4df,6,4,335545600,2852126724,7341926,240,2.0
draw,b82860a31a457ca2,42451a3f806fbf69,6,4,335545600,2852126724,7341922,240,2.0
copy,72cbcaa6a7984111,2e372ea28cc404b7,0,6,335545600,2852126724,0,240,2.0
draw,72cbcaa6a7984111,2e372ea28cc404b7,8,6,335545600,2852126724,0,240,2.0
copy,72cbcaa6a7984111,9bafe30bdf04f4c5,0,6,167772800,2852126727,0,240,2.0
draw,72cbcaa6a7984111,9bafe30bdf04f4c5,8,6,167772800,2852126727,0,240,2.0
copy,72cbcaa6a7984111,af8203a45ee4ae8e,0,6,335545600,2852126727,0,240,2.0
draw,72cbcaa6a7984111,af8203a45ee4ae8e,8,6,335545600,2852126727,0,240,2.0
draw,879aa831f2d50c1f,c1f710fef8a2b765,4,4,335545600,2852126724,7341926,229,1.91
draw,5ceddd6123bc219c,5db5f8f9cb1818b3,4,4,335545600,2852126724,7341926,221,1.84
draw,600e290cdf5f2176,e361e93af3d787c0,4,4,335545600,2852126724,7341926,205,1.71
draw,7b9ea1ae89420bfd,e361e93af3d787c0,6,4,335545600,2852126724,7341926,203,1.69
draw,20a9cdba188c09ce,2a9a75e4e8373ad5,6,4,335545600,2852126724,7341926,203,1.69
draw,e56a1996dcd4bef9,2a9a75e4e8373ad5,6,4,335545600,2852126724,7341926,186,1.55
draw,577613a06d355e33,0ffd36c8426662c2,4,4,335545600,2852126724,7341926,163,1.36
draw,4747fb98561c0f24,6d719e275ef976d9,4,4,335545600,2852126724,7341926,160,1.33
draw,5dec6d2c32a5ce47,eb8d27874b64008a,6,4,335545600,2852126724,7341926,144,1.2
draw,5dec6d2c32a5ce47,e14cfcedbf05c618,6,4,335545600,2852126724,7341926,144,1.2
draw,d8b10e97418b1fb1,072802ff0e92e0a3,6,4,335545600,2852126724,7341926,144,1.2
draw,7d53d379ca0acf16,d83d5c510e9d0141,4,4,335545600,2852126724,7341926,129,1.07
draw,0a6d1dd7767fdf27,2e372ea28cc404b7,8,5,167903872,0,34679,120,1.0
draw,beb1b8798714b72d,40c268893516d586,13,4,167903872,2852126732,158373728,120,1.0
copy,72cbcaa6a7984111,40c268893516d586,0,6,167903872,2852126732,0,120,1.0
draw,72cbcaa6a7984111,40c268893516d586,8,6,167903872,2852126732,0,120,1.0
draw,0a6d1dd7767fdf27,2e372ea28cc404b7,8,4,167903872,0,34679,120,1.0
draw,caa34330ccd91fcc,3bdd2b7f3280c939,6,4,335545600,2852126724,158373735,120,1.0
draw,46557de64bfc4377,9b16c6a8418ae1ab,13,4,335545600,2852126724,158373735,120,1.0
draw,19db282248c69c32,f6e8327ba646accd,6,4,335545600,2852126732,7341926,120,1.0
draw,79250e04abb28836,862e1ecb2cc6f0c6,6,4,335545600,2852126724,7341926,120,1.0
draw,11b1e5f1d1676c24,c1f710fef8a2b765,4,4,335545600,2852126724,7341926,120,1.0
draw,835ad44f2caf8f1b,1ccf2ccdd286ba2b,6,4,335545600,2852126724,7341926,120,1.0
draw,835ad44f2caf8f1b,264105de75342f76,6,4,335545600,2852126724,7341926,120,1.0
draw,16d5b8ae6c249e95,b4a26046752161c6,6,4,335545600,2852126724,7341926,120,1.0
draw,7f34d50b9c8d2872,72f8fe27bddd58fd,13,4,335545600,2852126720,7341824,120,1.0
draw,871a3860c63cb28d,059eeadd2781ba31,13,4,167772800,2852126720,7341936,120,1.0
copy,72cbcaa6a7984111,059eeadd2781ba31,0,6,167772800,2852126724,0,120,1.0
draw,72cbcaa6a7984111,059eeadd2781ba31,8,6,167772800,2852126724,0,120,1.0
draw,871a3860c63cb28d,c65187574559ae17,13,4,335545600,2852126720,7341922,120,1.0
draw,871a3860c63cb28d,af8203a45ee4ae8e,13,4,335545600,2852126720,7341824,120,1.0
draw,871a3860c63cb28d,1e70eb9513d670c9,13,4,83886400,2852126720,7341824,120,1.0
copy,72cbcaa6a7984111,1e70eb9513d670c9,0,6,83886400,2852126727,0,120,1.0
draw,72cbcaa6a7984111,1e70eb9513d670c9,8,6,83886400,2852126727,0,120,1.0
draw,871a3860c63cb28d,651fd4d1c0591654,13,4,16777296,2852126720,7341824,120,1.0
copy,72cbcaa6a7984111,651fd4d1c0591654,0,6,16777296,2852126727,0,120,1.0
draw,72cbcaa6a7984111,651fd4d1c0591654,8,6,16777296,2852126727,0,120,1.0
draw,871a3860c63cb28d,b39672e79a9a31da,13,4,8388688,2852126720,7341824,120,1.0
copy,72cbcaa6a7984111,b39672e79a9a31da,0,6,8388688,2852126727,0,120,1.0
draw,72cbcaa6a7984111,b39672e79a9a31da,8,6,8388688,2852126727,0,120,1.0
draw,871a3860c63cb28d,28113f6d03b7e996,13,4,8388688,2852126720,7341824,120,1.0
copy,72cbcaa6a7984111,28113f6d03b7e996,0,6,8388688,2852126727,0,120,1.0
draw,72cbcaa6a7984111,28113f6d03b7e996,8,6,8388688,2852126727,0,120,1.0
draw,871a3860c63cb28d,aa51172941d47b1b,13,4,8388688,2852126720,7341824,120,1.0
copy,72cbcaa6a7984111,aa51172941d47b1b,0,6,8388688,2852126727,0,120,1.0
draw,72cbcaa6a7984111,aa51172941d47b1b,8,6,8388688,2852126727,0,120,1.0
draw,d3a3a38df63a3145,040d6633b0aa5d6d,13,4,8388688,2852126720,7341824,120,1.0
copy,72cbcaa6a7984111,040d6633b0aa5d6d,0,6,8388688,2852126727,0,120,1.0
draw,72cbcaa6a7984111,040d6633b0aa5d6d,8,6,8388688,2852126727,0,120,1.0
draw,871a3860c63cb28d,287160844a17dea4,13,4,83886400,2852126720,7341824,120,1.0
copy,72cbcaa6a7984111,287160844a17dea4,0,6,83886400,2852126727,0,120,1.0
draw,72cbcaa6a7984111,287160844a17dea4,8,6,83886400,2852126727,0,120,1.0
draw,118071c8f97830ea,b8b3f881054e85fb,13,4,83886400,2852126720,7341824,120,1.0
copy,72cbcaa6a7984111,b8b3f881054e85fb,0,6,83886400,2852126727,0,120,1.0
draw,72cbcaa6a7984111,b8b3f881054e85fb,8,6,83886400,2852126727,0,120,1.0
draw,118071c8f97830ea,1276813a772fdbfc,13,4,41943200,2852126720,7341824,120,1.0
copy,72cbcaa6a7984111,1276813a772fdbfc,0,6,41943200,2852126727,0,120,1.0
draw,72cbcaa6a7984111,1276813a772fdbfc,8,6,41943200,2852126727,0,120,1.0
draw,118071c8f97830ea,7407441295d9968f,13,4,41943200,2852126720,7341824,120,1.0
copy,72cbcaa6a7984111,7407441295d9968f,0,6,41943200,2852126727,0,120,1.0
draw,72cbcaa6a7984111,7407441295d9968f,8,6,41943200,2852126727,0,120,1.0
draw,871a3860c63cb28d,2679c172f83de85d,13,4,335545600,2852126720,7341824,120,1.0
copy,72cbcaa6a7984111,2679c172f83de85d,0,6,335545600,2852126727,0,120,1.0
draw,72cbcaa6a7984111,2679c172f83de85d,8,6,335545600,2852126727,0,120,1.0
draw,118071c8f97830ea,db6a2996ba148383,13,4,335545600,2852126720,7341824,120,1.0
copy,72cbcaa6a7984111,db6a2996ba148383,0,6,335545600,2852126727,0,120,1.0
draw,72cbcaa6a7984111,db6a2996ba148383,8,6,335545600,2852126727,0,120,1.0
draw,0a6d1dd7767fdf27,2e372ea28cc404b7,8,5,167903872,2852126727,34679,120,1.0
copy,72cbcaa6a7984111,2e372ea28cc404b7,0,6,335545600,2852126732,0,120,1.0
draw,72cbcaa6a7984111,2e372ea28cc404b7,8,6,335545600,2852126732,0,120,1.0
swap,72cbcaa6a7984111,2e372ea28cc404b7,0,6,335545600,2852126732,0,120,1.0
draw,3a60c7c1096a40c9,2e372ea28cc404b7,4,4,335545600,2852126732,7344242,115,0.96
draw,86dcd90a6d954638,21759ff865f911ac,4,5,335545600,2852126724,158373734,105,0.88
draw,86dcd90a6d954638,21759ff865f911ac,4,4,335545600,2852126724,158373734,105,0.88
draw,699e5a749a8dca52,be398f0a17ff758a,6,4,167903872,2852126732,7341920,90,0.75
draw,d4e08cdba392318f,2a9a75e4e8373ad5,6,4,335545600,2852126724,7341926,88,0.73
draw,cb6304034c9630a5,e361e93af3d787c0,6,4,335545600,2852126724,7341926,88,0.73
draw,145abda2ed802bd5,5c4cbc591116ceb0,6,4,335545600,2852126724,7341926,78,0.65
draw,20173924c4ba4055,3b15e845131cc1d9,4,4,335545600,2852126732,7341926,75,0.62
draw,86dcd90a6d954638,21759ff865f911ac,4,4,335545600,2852126724,7341926,75,0.62
draw,f5c270349bb0b44c,e2cef62eae21a6ab,13,4,335545600,2852126732,7341938,72,0.6
draw,118071c8f97830ea,f9d7929db6ad1126,13,4,67109184,2852126720,7341824,68,0.57
copy,72cbcaa6a7984111,f9d7929db6ad1126,0,6,67109184,2852126727,0,68,0.57
draw,72cbcaa6a7984111,f9d7929db6ad1126,8,6,67109184,2852126727,0,68,0.57
draw,577613a06d355e33,a6f547c2957e8b9c,4,4,335545600,2852126724,7341926,64,0.53
draw,0f15e76f04294921,5791273f494b26a6,6,4,335545600,2852126724,7341920,56,0.47
draw,fc2e703b8bd61a63,9567c79307acc6f5,13,4,335545600,2852126724,7341924,56,0.47
draw,d01b738beb29d209,9567c79307acc6f5,4,4,335545600,2852126727,7341938,56,0.47
draw,faf94bdb30e37a25,0ffd36c8426662c2,4,4,335545600,2852126724,7341926,55,0.46
draw,92459524bb9a9230,d83d5c510e9d0141,4,5,335545600,2852126724,158373734,35,0.29
draw,92459524bb9a9230,d83d5c510e9d0141,4,4,335545600,2852126724,158373734,35,0.29
draw,871a3860c63cb28d,1e70eb9513d670c9,13,4,67109184,2852126720,7341824,34,0.28
copy,72cbcaa6a7984111,1e70eb9513d670c9,0,6,67109184,2852126727,0,34,0.28
draw,72cbcaa6a7984111,1e70eb9513d670c9,8,6,67109184,2852126727,0,34,0.28
draw,7edfecb4e4b0e179,afae26cc336b4559,13,4,335545600,2852126720,7341824,34,0.28
copy,72cbcaa6a7984111,afae26cc336b4559,0,6,335545600,2852126727,0,34,0.28
draw,72cbcaa6a7984111,afae26cc336b4559,8,6,335545600,2852126727,0,34,0.28
draw,faf94bdb30e37a25,a6f547c2957e8b9c,4,4,335545600,2852126724,7341926,33,0.28
draw,0f90bba60d5af5c7,47cdd54245a98710,6,4,335545600,2852126724,7341926,32,0.27
draw,92459524bb9a9230,d83d5c510e9d0141,4,4,335545600,2852126724,7341926,25,0.21
draw,0de8ef8541f0ebd8,d83d5c510e9d0141,4,4,335545600,2852126724,7341926,17,0.14
draw,8ffa963abfbac730,be398f0a17ff758a,4,4,167903872,2852126732,7341920,12,0.1
