name	ref_addr	best_addr	score	runner_up	status	candidates
D3D_AllocDevice	822DE000	823ACFE0	0.700	0.700	missing	
D3D_PollGpuProgress(BlockOnFence poll)	822DE050	820F33E8	1.000	0.130	exact	
D3DDevice_Release	822DE128	820F35C0	1.000	0.955	exact	
Direct3D_CreateDevice	822DE388	820F34C0	0.261	0.217	missing	
D3D_AddCallsToPrimaryBuffer(INDIRECT_BUFFER)	822DEC70	82647108	0.096	0.066	missing	
D3D_KickOff	822DF100	820FD800	0.222	0.167	missing	
D3D_BlockOnFence(dev,fence)	822DF1D8	822115D8	0.240	0.200	missing	
D3D_RingAllocLargeSegment	822DF548	820FCF90	0.372	0.105	missing	
D3D_RingMakeSpace(KickOff+wrap)	822DF848	827631D8	0.172	0.172	missing	
D3D_RingAlloc(dwords)	822DFA68	820FC910	1.000	0.308	exact	
D3DDevice_BlockUntilIdle	822DFAD0	8215FE60	0.467	0.400	missing	
D3DDevice_SetRingBufferParameters	822DFBA0	820FDE90	0.656	0.047	missing	
D3DDevice_SetRenderState_CULLMODE	822E0290	820F0A18	1.000	1.000	ambiguous	820F0A18 820F04E8
D3DDevice_GetRenderState_CULLMODE	822E02B0	820F0A38	1.000	1.000	ambiguous	820F0A38 820F0508
D3DDevice_SetRenderState_FILLMODE	822E02C0	820F0518	1.000	0.875	exact	
D3DDevice_GetRenderState_FILLMODE	822E02E0	820F0538	1.000	0.750	exact	
D3DDevice_SetRenderState_ALPHATESTENABLE	822E02F0	820F1C60	0.600	0.500	missing	
D3DDevice_GetRenderState_ALPHATESTENABLE	822E0318	820F1C80	1.000	1.000	ambiguous	820F1C80 820F0578
D3DDevice_SetRenderState_ALPHABLENDENABLE	822E0328	820F0588	1.000	0.197	exact	
D3DDevice_GetRenderState_ALPHABLENDENABLE	822E03A8	8267D628	1.000	1.000	ambiguous	8267D628 8267D4C0 82318A38 820F0608
D3DDevice_SetRenderState_BLENDOP	822E03B8	820F0618	1.000	0.969	exact	
D3DDevice_GetRenderState_BLENDOP	822E0438	820F0698	1.000	0.750	exact	
D3DDevice_SetRenderState_SRCBLEND	822E0448	820F06A8	1.000	0.969	exact	
D3DDevice_GetRenderState_SRCBLEND	822E04C8	820F0728	1.000	0.750	exact	
D3DDevice_SetRenderState_DESTBLEND	822E04D8	820F0738	1.000	0.969	exact	
D3DDevice_GetRenderState_DESTBLEND	822E0558	820F07B8	1.000	0.750	exact	
D3DDevice_SetRenderState_BLENDOPALPHA	822E0568	820F07C8	1.000	0.958	exact	
D3DDevice_GetRenderState_BLENDOPALPHA	822E05C8	820F0828	1.000	0.750	exact	
D3DDevice_SetRenderState_SRCBLENDALPHA	822E05D8	820F0838	1.000	0.958	exact	
D3DDevice_GetRenderState_SRCBLENDALPHA	822E0638	820F0898	1.000	0.750	exact	
D3DDevice_SetRenderState_DESTBLENDALPHA	822E0648	820F08A8	1.000	0.958	exact	
D3DDevice_GetRenderState_DESTBLENDALPHA	822E06A8	820F0908	1.000	0.750	exact	
D3DDevice_SetRenderState_SEPARATEALPHABLENDENABLE	822E06B8	820F0918	1.000	0.265	exact	
D3DDevice_GetRenderState_SEPARATEALPHABLENDENABLE	822E0740	8267D4A0	1.000	1.000	ambiguous	8267D4A0 8267CDE8 820F09A0
D3DDevice_SetRenderState_ALPHAREF	822E0750	820F09B0	0.786	0.571	missing	
D3DDevice_GetRenderState_ALPHAREF	822E0788	820F09E8	1.000	0.300	exact	
D3DDevice_SetRenderState_ALPHAFUNC	822E07B8	820F0A18	1.000	1.000	ambiguous	820F0A18 820F04E8
D3DDevice_GetRenderState_ALPHAFUNC	822E07D8	820F0A38	1.000	1.000	ambiguous	820F0A38 820F0508
D3DDevice_SetRenderState_BLENDFACTOR	822E07E8	820F0A48	0.175	0.090	missing	
D3DDevice_GetRenderState_BLENDFACTOR	822E0888	820F0AE0	1.000	0.113	exact	
D3DDevice_SetRenderState_LASTPIXEL	822E0908	820F1A80	0.700	0.600	missing	
D3DDevice_GetRenderState_LASTPIXEL	822E0930	820F0C90	0.750	0.750	missing	
D3DDevice_SetRenderState_LINEWIDTH	822E0940	820F12F0	0.250	0.250	missing	
D3DDevice_GetRenderState_LINEWIDTH	822E0980	8266A0A8	0.667	0.583	missing	
D3DDevice_SetRenderState_BUFFER2FRAMES	822E09B0	8275CD20	0.375	0.375	missing	
D3DDevice_GetRenderState_BUFFER2FRAMES	822E09D0	828CCE50	1.000	1.000	ambiguous	828CCE50 827CD608 820F1AA8 820F1708
D3DDevice_SetRenderState_ZENABLE	822E09E0	820F11F0	0.571	0.571	missing	
D3DDevice_GetRenderState_ZENABLE	822E0A18	82873FB8	1.000	1.000	ambiguous	82873FB8 828473B0 827CD5F8 827CD5F0 827CD5D8 8214CEA0 820F0C58 820F0BA0
D3DDevice_SetRenderState_ZWRITEENABLE	822E0A20	820F1C90	1.000	1.000	ambiguous	820F1C90 820F0BA8
D3DDevice_GetRenderState_ZWRITEENABLE	822E0A40	820F1CB0	1.000	1.000	ambiguous	820F1CB0 820F0BC8
D3DDevice_SetRenderState_ZFUNC	822E0A50	820F1C90	0.500	0.500	missing	
D3DDevice_GetRenderState_ZFUNC	822E0A78	820F0C08	1.000	0.750	exact	
D3DDevice_SetRenderState_STENCILENABLE	822E0A88	820F11F0	0.571	0.571	missing	
D3DDevice_GetRenderState_STENCILENABLE	822E0AC0	82873FB8	1.000	1.000	ambiguous	82873FB8 828473B0 827CD5F8 827CD5F0 827CD5D8 8214CEA0 820F0C58 820F0BA0
D3DDevice_SetRenderState_TWOSIDEDSTENCILMODE	822E0AC8	820F1C90	0.500	0.500	missing	
D3DDevice_GetRenderState_TWOSIDEDSTENCILMODE	822E0AF0	8267CE08	1.000	1.000	ambiguous	8267CE08 820F0C90
D3DDevice_SetRenderState_STENCILFUNC	822E0B00	820F0CA0	1.000	0.875	exact	
D3DDevice_GetRenderState_STENCILFUNC	822E0B20	820F0CC0	1.000	0.750	exact	
D3DDevice_SetRenderState_STENCILFAIL	822E0B30	820F1C90	0.500	0.500	missing	
D3DDevice_GetRenderState_STENCILFAIL	822E0B58	820F0D00	1.000	0.750	exact	
D3DDevice_SetRenderState_STENCILZFAIL	822E0B68	820F1C90	0.500	0.500	missing	
D3DDevice_GetRenderState_STENCILZFAIL	822E0B90	820F0D40	1.000	0.750	exact	
D3DDevice_SetRenderState_STENCILPASS	822E0BA0	820F0D50	1.000	0.875	exact	
D3DDevice_GetRenderState_STENCILPASS	822E0BC0	820F0D70	1.000	0.750	exact	
D3DDevice_SetRenderState_CCW_STENCILFUNC	822E0BD0	820F0D80	1.000	0.875	exact	
D3DDevice_GetRenderState_CCW_STENCILFUNC	822E0BF0	820F1C50	1.000	1.000	ambiguous	820F1C50 820F0DA0
D3DDevice_SetRenderState_CCW_STENCILFAIL	822E0C00	820F1C90	0.500	0.500	missing	
D3DDevice_GetRenderState_CCW_STENCILFAIL	822E0C28	820F0DE0	1.000	0.750	exact	
D3DDevice_SetRenderState_CCW_STENCILZFAIL	822E0C38	820F1C90	0.500	0.500	missing	
D3DDevice_GetRenderState_CCW_STENCILZFAIL	822E0C60	820F0E20	1.000	0.750	exact	
D3DDevice_SetRenderState_CCW_STENCILPASS	822E0C70	820F0E30	1.000	0.875	exact	
D3DDevice_GetRenderState_CCW_STENCILPASS	822E0C90	820F0E50	1.000	0.750	exact	
D3DDevice_SetRenderState_STENCILREF	822E0CA0	820F1CF0	0.833	0.500	fuzzy	
D3DDevice_GetRenderState_STENCILREF	822E0CB8	8229A1E8	1.000	1.000	ambiguous	8229A1E8 822946A0 821E2758 82192860 82166900 82162E20 82162E10 82147CA8
D3DDevice_SetRenderState_STENCILMASK	822E0CC0	820F1CF0	0.833	0.500	fuzzy	
D3DDevice_GetRenderState_STENCILMASK	822E0CD8	8229A1E8	1.000	1.000	ambiguous	8229A1E8 822946A0 821E2758 82192860 82166900 82162E20 82162E10 82147CA8
D3DDevice_SetRenderState_STENCILWRITEMASK	822E0CE0	820F1CF0	0.833	0.500	fuzzy	
D3DDevice_GetRenderState_STENCILWRITEMASK	822E0CF8	8229A1E8	1.000	1.000	ambiguous	8229A1E8 822946A0 821E2758 82192860 82166900 82162E20 82162E10 82147CA8
D3DDevice_SetRenderState_CCW_STENCILREF	822E0D00	820F1CF0	0.833	0.500	fuzzy	
D3DDevice_GetRenderState_CCW_STENCILREF	822E0D18	8229A1E8	1.000	1.000	ambiguous	8229A1E8 822946A0 821E2758 82192860 82166900 82162E20 82162E10 82147CA8
D3DDevice_SetRenderState_CCW_STENCILMASK	822E0D20	820F1CF0	0.833	0.500	fuzzy	
D3DDevice_GetRenderState_CCW_STENCILMASK	822E0D38	8229A1E8	1.000	1.000	ambiguous	8229A1E8 822946A0 821E2758 82192860 82166900 82162E20 82162E10 82147CA8
D3DDevice_SetRenderState_CCW_STENCILWRITEMASK	822E0D40	820F1CF0	0.833	0.500	fuzzy	
D3DDevice_GetRenderState_CCW_STENCILWRITEMASK	822E0D58	8229A1E8	1.000	1.000	ambiguous	8229A1E8 822946A0 821E2758 82192860 82166900 82162E20 82162E10 82147CA8
D3DDevice_SetRenderState_CLIPPLANEENABLE	822E0D60	820F0F18	0.506	0.438	missing	
D3DDevice_GetRenderState_CLIPPLANEENABLE	822E0DA0	820F0F60	1.000	0.750	exact	
D3DDevice_GetRenderState_SCISSORTESTENABLE	822E0DB0	82873FB8	1.000	1.000	ambiguous	82873FB8 828473B0 827CD5F8 827CD5F0 827CD5D8 8214CEA0 820F0C58 820F0BA0
D3DDevice_SetRenderState_SLOPESCALEDEPTHBIAS	822E0DB8	820F0F88	1.000	0.107	exact	
D3DDevice_GetRenderState_SLOPESCALEDEPTHBIAS	822E0E60	820F1030	1.000	0.750	exact	
D3DDevice_SetRenderState_DEPTHBIAS	822E0E80	820F1050	1.000	0.132	exact	
D3DDevice_GetRenderState_DEPTHBIAS	822E0F18	820F1A38	1.000	1.000	ambiguous	820F1A38 820F1A00 820F1338 820F12E0 820F1288 820F10E8
D3DDevice_SetRenderState_MULTISAMPLEANTIALIAS	822E0F28	820F10F8	1.000	0.875	exact	
D3DDevice_GetRenderState_MULTISAMPLEANTIALIAS	822E0F48	820F1118	1.000	0.750	exact	
D3DDevice_SetRenderState_MULTISAMPLEMASK	822E0F58	820F1128	1.000	0.333	exact	
D3DDevice_GetRenderState_MULTISAMPLEMASK	822E0F70	82873FB8	1.000	1.000	ambiguous	82873FB8 828473B0 827CD5F8 827CD5F0 827CD5D8 8214CEA0 820F0C58 820F0BA0
D3DDevice_SetRenderState_COLORWRITEENABLE	822E0F78	820F0C18	0.643	0.643	missing	
D3DDevice_GetRenderState_COLORWRITEENABLE	822E0FB0	82873FB8	1.000	1.000	ambiguous	82873FB8 828473B0 827CD5F8 827CD5F0 827CD5D8 8214CEA0 820F0C58 820F0BA0
D3DDevice_SetRenderState_COLORWRITEENABLE1	822E0FB8	820F0C18	0.714	0.714	missing	
D3DDevice_GetRenderState_COLORWRITEENABLE1	822E0FF0	82873FB8	1.000	1.000	ambiguous	82873FB8 828473B0 827CD5F8 827CD5F0 827CD5D8 8214CEA0 820F0C58 820F0BA0
D3DDevice_SetRenderState_COLORWRITEENABLE2	822E0FF8	820F0C18	0.714	0.714	missing	
D3DDevice_GetRenderState_COLORWRITEENABLE2	822E1030	82873FB8	1.000	1.000	ambiguous	82873FB8 828473B0 827CD5F8 827CD5F0 827CD5D8 8214CEA0 820F0C58 820F0BA0
D3DDevice_SetRenderState_COLORWRITEENABLE3	822E1038	820F0C18	0.714	0.714	missing	
D3DDevice_GetRenderState_COLORWRITEENABLE3	822E1070	82873FB8	1.000	1.000	ambiguous	82873FB8 828473B0 827CD5F8 827CD5F0 827CD5D8 8214CEA0 820F0C58 820F0BA0
D3DDevice_SetRenderState_POINTSPRITEENABLE	822E1078	82161650	1.000	1.000	ambiguous	82161650 82160518 821604E0 8215FEE8 8215FDB8 8215F9F8 8215F9F0 8215F878
D3DDevice_GetRenderState_POINTSPRITEENABLE	822E1080	82873FB8	1.000	1.000	ambiguous	82873FB8 828473B0 827CD5F8 827CD5F0 827CD5D8 8214CEA0 820F0C58 820F0BA0
D3DDevice_SetRenderState_POINTSIZE	822E1088	820F1238	0.950	0.550	fuzzy	
D3DDevice_GetRenderState_POINTSIZE	822E10D8	820F1A38	1.000	1.000	ambiguous	820F1A38 820F1A00 820F1338 820F12E0 820F1288 820F10E8
D3DDevice_SetRenderState_POINTSIZE_MIN	822E10E8	820F12F0	0.944	0.944	ambiguous	
D3DDevice_GetRenderState_POINTSIZE_MIN	822E1130	820F1A38	1.000	1.000	ambiguous	820F1A38 820F1A00 820F1338 820F12E0 820F1288 820F10E8
D3DDevice_SetRenderState_POINTSIZE_MAX	822E1140	820F12F0	0.944	0.944	ambiguous	
D3DDevice_GetRenderState_POINTSIZE_MAX	822E1188	820F1A38	1.000	1.000	ambiguous	820F1A38 820F1A00 820F1338 820F12E0 820F1288 820F10E8
D3DDevice_SetRenderState_WRAP0	822E1198	8224DCA0	0.375	0.250	missing	
D3DDevice_SetRenderState_WRAP1	822E11B8	820F1B00	0.540	0.540	missing	
D3DDevice_SetRenderState_WRAP2	822E11E0	820F1B00	0.540	0.540	missing	
D3DDevice_SetRenderState_WRAP3	822E1208	820F1B00	0.540	0.540	missing	
D3DDevice_SetRenderState_WRAP4	822E1230	820F1B00	0.540	0.540	missing	
D3DDevice_SetRenderState_WRAP5	822E1258	820F1B00	0.540	0.540	missing	
D3DDevice_SetRenderState_WRAP6	822E1280	820F1B00	0.540	0.540	missing	
D3DDevice_SetRenderState_WRAP7	822E12A8	820F1AB8	0.875	0.875	ambiguous	
D3DDevice_SetRenderState_WRAP8	822E12C8	8224DCA0	0.375	0.250	missing	
D3DDevice_SetRenderState_WRAP9	822E12E8	820F1B00	0.540	0.540	missing	
D3DDevice_SetRenderState_WRAP10	822E1310	820F1B00	0.540	0.540	missing	
D3DDevice_SetRenderState_WRAP11	822E1338	820F1B00	0.540	0.540	missing	
D3DDevice_SetRenderState_WRAP12	822E1360	820F1B00	0.540	0.540	missing	
D3DDevice_SetRenderState_WRAP13	822E1388	820F1B00	0.540	0.540	missing	
D3DDevice_SetRenderState_WRAP14	822E13B0	820F1B00	0.540	0.540	missing	
D3DDevice_SetRenderState_WRAP15	822E13D8	820F1AB8	0.875	0.875	ambiguous	
D3DDevice_GetRenderState_WRAP0	822E13F8	820F16A8	1.000	1.000	ambiguous	820F16A8 820F1628
D3DDevice_GetRenderState_WRAP1	822E1408	820F1638	1.000	0.750	exact	
D3DDevice_GetRenderState_WRAP2	822E1418	820F1648	1.000	0.750	exact	
D3DDevice_GetRenderState_WRAP3	822E1428	820F1658	1.000	0.750	exact	
D3DDevice_GetRenderState_WRAP4	822E1438	820F16B8	1.000	1.000	ambiguous	820F16B8 820F1668
D3DDevice_GetRenderState_WRAP5	822E1448	820F1678	1.000	0.750	exact	
D3DDevice_GetRenderState_WRAP6	822E1458	821DB2A8	1.000	1.000	ambiguous	821DB2A8 820F1688
D3DDevice_GetRenderState_WRAP7	822E1468	820F1698	1.000	0.750	exact	
D3DDevice_GetRenderState_WRAP8	822E1478	820F16A8	1.000	1.000	ambiguous	820F16A8 820F1628
D3DDevice_GetRenderState_WRAP9	822E1488	820F1638	1.000	0.750	exact	
D3DDevice_GetRenderState_WRAP10	822E1498	820F1648	1.000	0.750	exact	
D3DDevice_GetRenderState_WRAP11	822E14A8	820F1658	1.000	0.750	exact	
D3DDevice_GetRenderState_WRAP12	822E14B8	820F16B8	1.000	1.000	ambiguous	820F16B8 820F1668
D3DDevice_GetRenderState_WRAP13	822E14C8	820F1678	1.000	0.750	exact	
D3DDevice_GetRenderState_WRAP14	822E14D8	821DB2A8	1.000	1.000	ambiguous	821DB2A8 820F1688
D3DDevice_GetRenderState_WRAP15	822E14E8	820F1698	1.000	0.750	exact	
D3DDevice_SetRenderState_VIEWPORTENABLE	822E14F8	820F16C8	1.000	0.312	exact	
D3DDevice_GetRenderState_VIEWPORTENABLE	822E1538	828CCE50	1.000	1.000	ambiguous	828CCE50 827CD608 820F1AA8 820F1708
D3DDevice_SetRenderState_HIGHPRECISIONBLENDENABLE	822E1548	820F1928	0.929	0.929	ambiguous	
D3DDevice_GetRenderState_HIGHPRECISIONBLENDENABLE	822E15F0	82873FB8	1.000	1.000	ambiguous	82873FB8 828473B0 827CD5F8 827CD5F0 827CD5D8 8214CEA0 820F0C58 820F0BA0
D3DDevice_SetRenderState_HIGHPRECISIONBLENDENABLE1	822E15F8	820F1928	0.929	0.929	ambiguous	
D3DDevice_GetRenderState_HIGHPRECISIONBLENDENABLE1	822E16A0	82873FB8	1.000	1.000	ambiguous	82873FB8 828473B0 827CD5F8 827CD5F0 827CD5D8 8214CEA0 820F0C58 820F0BA0
D3DDevice_SetRenderState_HIGHPRECISIONBLENDENABLE2	822E16A8	820F1928	0.929	0.929	ambiguous	
D3DDevice_GetRenderState_HIGHPRECISIONBLENDENABLE2	822E1750	82873FB8	1.000	1.000	ambiguous	82873FB8 828473B0 827CD5F8 827CD5F0 827CD5D8 8214CEA0 820F0C58 820F0BA0
D3DDevice_SetRenderState_HIGHPRECISIONBLENDENABLE3	822E1758	820F1928	0.929	0.929	ambiguous	
D3DDevice_GetRenderState_HIGHPRECISIONBLENDENABLE3	822E1800	82873FB8	1.000	1.000	ambiguous	82873FB8 828473B0 827CD5F8 827CD5F0 827CD5D8 8214CEA0 820F0C58 820F0BA0
D3DDevice_SetRenderState_MINTESSELLATIONLEVEL	822E1808	820F1A10	0.900	0.900	ambiguous	
D3DDevice_GetRenderState_MINTESSELLATIONLEVEL	822E1830	820F1A38	1.000	1.000	ambiguous	820F1A38 820F1A00 820F1338 820F12E0 820F1288 820F10E8
D3DDevice_SetRenderState_MAXTESSELLATIONLEVEL	822E1840	820F1A10	0.900	0.900	ambiguous	
D3DDevice_GetRenderState_MAXTESSELLATIONLEVEL	822E1868	820F1A38	1.000	1.000	ambiguous	820F1A38 820F1A00 820F1338 820F12E0 820F1288 820F10E8
D3DDevice_SetRenderState_TESSELLATIONMODE	822E1878	820F1A48	0.900	0.600	fuzzy	
D3DDevice_GetRenderState_TESSELLATIONMODE	822E18A0	820F1A70	1.000	0.750	exact	
D3DDevice_SetRenderState_HALFPIXELOFFSET	822E18B0	820F1A80	1.000	0.600	exact	
D3DDevice_GetRenderState_HALFPIXELOFFSET	822E18D8	828CCE50	1.000	1.000	ambiguous	828CCE50 827CD608 820F1AA8 820F1708
D3DDevice_SetRenderState_PRIMITIVERESETENABLE	822E18E8	820F1AB8	1.000	0.875	exact	
D3DDevice_GetRenderState_PRIMITIVERESETENABLE	822E1908	820F1AD8	1.000	0.750	exact	
D3DDevice_SetRenderState_PRIMITIVERESETINDEX	822E1918	820F5438	0.875	0.375	fuzzy	
D3DDevice_GetRenderState_PRIMITIVERESETINDEX	822E1938	82873FB8	1.000	1.000	ambiguous	82873FB8 828473B0 827CD5F8 827CD5F0 827CD5D8 8214CEA0 820F0C58 820F0BA0
D3DDevice_SetRenderState_ALPHATOMASKENABLE	822E1940	820F1B08	1.000	0.875	exact	
D3DDevice_GetRenderState_ALPHATOMASKENABLE	822E1960	820F1B28	1.000	0.750	exact	
D3DDevice_SetRenderState_ALPHATOMASKOFFSETS	822E1970	820F1B38	1.000	0.875	exact	
D3DDevice_GetRenderState_ALPHATOMASKOFFSETS	822E1990	820F1B58	1.000	0.500	exact	
D3DDevice_SetRenderState_GUARDBAND_X	822E19A8	820F1B70	1.000	0.900	exact	
D3DDevice_GetRenderState_GUARDBAND_X	822E19D0	82873FB8	1.000	1.000	ambiguous	82873FB8 828473B0 827CD5F8 827CD5F0 827CD5D8 8214CEA0 820F0C58 820F0BA0
D3DDevice_SetRenderState_GUARDBAND_Y	822E19D8	820F1BA0	1.000	0.900	exact	
D3DDevice_GetRenderState_GUARDBAND_Y	822E1A00	82873FB8	1.000	1.000	ambiguous	82873FB8 828473B0 827CD5F8 827CD5F0 827CD5D8 8214CEA0 820F0C58 820F0BA0
D3DDevice_SetRenderState_DISCARDBAND_X	822E1A08	820F1BD0	1.000	0.375	exact	
D3DDevice_GetRenderState_DISCARDBAND_X	822E1A28	82873FB8	1.000	1.000	ambiguous	82873FB8 828473B0 827CD5F8 827CD5F0 827CD5D8 8214CEA0 820F0C58 820F0BA0
D3DDevice_SetRenderState_DISCARDBAND_Y	822E1A30	820F1BF8	1.000	0.900	exact	
D3DDevice_GetRenderState_DISCARDBAND_Y	822E1A58	82873FB8	1.000	1.000	ambiguous	82873FB8 828473B0 827CD5F8 827CD5F0 827CD5D8 8214CEA0 820F0C58 820F0BA0
D3DDevice_SetRenderState_HIZENABLE	822E1A60	820F0D80	0.875	0.750	fuzzy	
D3DDevice_GetRenderState_HIZENABLE	822E1A80	820F1C50	1.000	1.000	ambiguous	820F1C50 820F0DA0
D3DDevice_SetRenderState_HIZWRITEENABLE	822E1A90	820F1B00	0.286	0.245	missing	
D3DDevice_GetRenderState_HIZWRITEENABLE	822E1AE8	820F0D40	1.000	0.750	exact	
D3DDevice_SetRenderState_HISTENCILENABLE	822E1AF8	820F1C60	1.000	0.875	exact	
D3DDevice_GetRenderState_HISTENCILENABLE	822E1B18	820F1C80	1.000	1.000	ambiguous	820F1C80 820F0578
D3DDevice_SetRenderState_HISTENCILWRITEENABLE	822E1B28	820F1C90	1.000	1.000	ambiguous	820F1C90 820F0BA8
D3DDevice_GetRenderState_HISTENCILWRITEENABLE	822E1B48	820F1CB0	1.000	1.000	ambiguous	820F1CB0 820F0BC8
D3DDevice_SetRenderState_HISTENCILFUNC	822E1B58	820F1CC0	1.000	0.875	exact	
D3DDevice_GetRenderState_HISTENCILFUNC	822E1B78	820F1CE0	1.000	0.750	exact	
D3DDevice_SetRenderState_HISTENCILREF	822E1B88	820F1CF0	1.000	0.667	exact	
D3DDevice_GetRenderState_HISTENCILREF	822E1BA0	8229A1E8	1.000	1.000	ambiguous	8229A1E8 822946A0 821E2758 82192860 82166900 82162E20 82162E10 82147CA8
D3DDevice_SetRenderState_PRESENTINTERVAL	822E1BA8	82161650	1.000	1.000	ambiguous	82161650 82160518 821604E0 8215FEE8 8215FDB8 8215F9F8 8215F9F0 8215F878
D3DDevice_GetRenderState_PRESENTINTERVAL	822E1BB0	82873FB8	1.000	1.000	ambiguous	82873FB8 828473B0 827CD5F8 827CD5F0 827CD5D8 8214CEA0 820F0C58 820F0BA0
D3DDevice_SetRenderState_PRESENTIMMEDIATETHRESHOLD	822E1BB8	820F1D20	1.000	0.750	exact	
D3DDevice_GetRenderState_PRESENTIMMEDIATETHRESHOLD	822E1BC8	820F1D30	1.000	0.750	exact	
D3DDevice_SetSamplerState_MINFILTER	822E1BD8	820F1D40	0.708	0.625	missing	
D3DDevice_GetSamplerState_MINFILTER	822E1C98	8263C158	0.214	0.214	missing	
D3DDevice_SetSamplerState_MINFILTERZ	822E1CD0	820F20A8	0.206	0.206	missing	
D3DDevice_GetSamplerState_MINFILTERZ	822E1D58	820F1EB8	1.000	0.750	exact	
D3DDevice_SetSamplerState_MAGFILTER	822E1D68	820F1EC8	0.708	0.625	missing	
D3DDevice_GetSamplerState_MAGFILTER	822E1E28	8263C158	0.214	0.214	missing	
D3DDevice_SetSamplerState_MAGFILTERZ	822E1E60	820F1FB8	0.412	0.118	missing	
D3DDevice_GetSamplerState_MAGFILTERZ	822E1EE8	820F2040	1.000	0.750	exact	
D3DDevice_SetSamplerState_MIPFILTER	822E1EF8	820F2050	0.688	0.625	missing	
D3DDevice_GetSamplerState_MIPFILTER	822E1F38	820F2090	1.000	0.833	exact	
D3DDevice_SetSamplerState_SEPARATEZFILTERENABLE	822E1F50	820F20A8	0.206	0.206	missing	
D3DDevice_GetSamplerState_SEPARATEZFILTERENABLE	822E1FD8	820F2130	1.000	0.750	exact	
D3DDevice_SetSamplerState_MAXANISOTROPY	822E1FE8	820F2140	0.808	0.104	fuzzy	
D3DDevice_GetSamplerState_MAXANISOTROPY	822E2050	820F23F0	1.000	1.000	ambiguous	820F23F0 820F2370 820F21A8
D3DDevice_SetSamplerState_ANISOTROPYBIAS	822E2060	820F21B8	0.250	0.208	missing	
D3DDevice_GetSamplerState_ANISOTROPYBIAS	822E20C0	820F2218	1.000	0.611	exact	
D3DDevice_SetSamplerState_MIPMAPLODBIAS	822E2108	820F2260	0.250	0.208	missing	
D3DDevice_GetSamplerState_MIPMAPLODBIAS	822E2168	820F22C0	1.000	0.688	exact	
D3DDevice_SetSamplerState_MAXMIPLEVEL	822E21A8	820F2300	0.786	0.679	missing	
D3DDevice_GetSamplerState_MAXMIPLEVEL	822E2218	820F23F0	1.000	1.000	ambiguous	820F23F0 820F2370 820F21A8
D3DDevice_SetSamplerState_MINMIPLEVEL	822E2228	820F2380	0.786	0.679	missing	
D3DDevice_GetSamplerState_MINMIPLEVEL	822E2298	820F23F0	1.000	1.000	ambiguous	820F23F0 820F2370 820F21A8
D3DDevice_SetSamplerState_BORDERCOLOR	822E22A8	820F2400	0.700	0.300	missing	
D3DDevice_GetSamplerState_BORDERCOLOR	822E22F8	820F2450	1.000	0.375	exact	
D3DDevice_SetSamplerState_ADDRESSU	822E2318	820F2470	0.571	0.500	missing	
D3DDevice_GetSamplerState_ADDRESSU	822E2350	8288E6A8	0.500	0.500	missing	
D3DDevice_SetSamplerState_ADDRESSV	822E2368	820F24C0	0.571	0.500	missing	
D3DDevice_GetSamplerState_ADDRESSV	822E23A0	8288E6A8	0.500	0.500	missing	
D3DDevice_SetSamplerState_ADDRESSW	822E23B8	820F2510	0.571	0.500	missing	
D3DDevice_GetSamplerState_ADDRESSW	822E23F0	8288E6A8	0.500	0.500	missing	
D3DDevice_SetSamplerState_TRILINEARTHRESHOLD	822E2408	820F2560	0.688	0.625	missing	
D3DDevice_GetSamplerState_TRILINEARTHRESHOLD	822E2448	820F25A0	1.000	0.833	exact	
D3DDevice_SetSamplerState_HGRADIENTEXPBIAS	822E2460	820F25B8	0.688	0.625	missing	
D3DDevice_GetSamplerState_HGRADIENTEXPBIAS	822E24A0	820F25F8	1.000	0.667	exact	
D3DDevice_SetSamplerState_VGRADIENTEXPBIAS	822E24B8	820F2610	0.688	0.625	missing	
D3DDevice_GetSamplerState_VGRADIENTEXPBIAS	822E24F8	820F2650	1.000	0.833	exact	
D3DDevice_SetSamplerState_WHITEBORDERCOLORW	822E2510	820F2668	0.688	0.625	missing	
D3DDevice_GetSamplerState_WHITEBORDERCOLORW	822E2550	820F26A8	1.000	0.833	exact	
D3DDevice_SetSamplerState_POINTBORDERENABLE	822E2568	820F26C0	0.667	0.278	missing	
D3DDevice_GetSamplerState_POINTBORDERENABLE	822E25B0	820F2708	1.000	0.667	exact	
D3DDevice_SetScissorRect	822E25C8	822E8338	0.084	0.078	missing	
D3DDevice_SetStreamSource	822E26C8	820F2A50	0.889	0.111	fuzzy	
D3DDevice_SetIndices	822E27E8	820F2C08	1.000	0.525	exact	
D3DDevice_GetRenderTarget	822E2878	8275F268	0.667	0.667	missing	
D3DDevice_SetClipPlane	822E2A50	820F2668	0.250	0.250	missing	
D3DDevice_SetViewportF	822E2B98	82102608	0.169	0.136	missing	
D3DDevice_SetRenderState_SCISSORTESTENABLE	822E2E00	820F0F70	1.000	0.500	exact	
D3DDevice_SetViewport	822E2E10	8276A5E0	0.250	0.250	missing	
D3DDevice_SetRenderTarget	822E2F48	820F2CA0	0.468	0.041	missing	
D3DDevice_SetDepthStencilSurface	822E32B0	820F2FD0	0.456	0.110	missing	
D3DDevice_SetSurfaces(tiling)	822E3588	8277B2A0	0.035	0.035	missing	
D3DDevice_SetRenderTarget(thunk)	822E3BE8	8272C0B8	1.000	1.000	ambiguous	8272C0B8 8271A9C0 8271A9B8 827199B0 82717768 82716E38 82716E30 82716E28
XGSetTextureHeaderEx	822E50B8	820FF668	0.903	0.036	fuzzy	
D3DDevice_CreateTexture	822E5878	820FFF08	1.000	0.111	exact	
D3DDevice_SetTexture	822E5BE0	82100310	0.468	0.057	missing	
D3D__ResetAllState(dispatch-table seed)	822E6500	821C8EA8	0.065	0.053	missing	
D3DDevice_Init(CreateDevice body)	822E6C30	8262C680	0.169	0.099	missing	
D3DDevice_Destroy	822E6EB0	8237B440	0.089	0.088	missing	
D3DDevice_GpuBeginShaderConstantF4	822E7A48	82861150	0.079	0.079	missing	
D3DDevice_SetVertexShaderConstantB	822E7B78	820F4B98	0.708	0.708	missing	
D3DDevice_SetPixelShaderConstantB	822E7BD8	820F4B98	0.708	0.708	missing	
D3DDevice_SetVertexShaderConstantI	822E7C38	820F4C40	0.682	0.682	missing	
D3DDevice_SetPixelShaderConstantI	822E7C90	820F4C40	0.682	0.682	missing	
D3DDevice_SetVertexShader	822E7CE8	820F4E88	0.312	0.169	missing	
D3DDevice_GetVertexShader	822E7EA8	82176FA8	0.778	0.722	missing	
D3DDevice_SetPixelShader	822E7FE8	820F5218	0.526	0.069	missing	
D3DDevice_GetPixelShader	822E81B8	82176FA8	0.778	0.722	missing	
D3DDevice_SetVertexDeclaration	822E8200	820F1CF0	0.667	0.667	missing	
D3DDevice_SetShaderGPRAllocation	822E8390	822A05A0	0.138	0.121	missing	
D3DDevice_CreateShaderA(container)	822E84C0	826A8050	0.132	0.118	missing	
D3DDevice_CreateShaderB(container)	822E85D0	827A6130	0.167	0.167	missing	
D3DDevice_SetFVF	822E86C0	8256AE68	0.667	0.611	missing	
D3DDevice_Swap(thunk)	822E8EB0	827A8568	1.000	1.000	ambiguous	827A8568 827A8560 827A4260 827A2AD0 8218EAF0 82146288 82144810 82116710
D3DDevice_Swap	822E8EB8	82645788	0.035	0.031	missing	
D3DResource_GetType	822E98C0	820F3E48	1.000	0.167	exact	
D3DResource_Release	822E9EF0	820F3DA0	1.000	0.438	exact	
D3DDevice_CreateVertexBuffer	822E9FC0	820F3ED8	1.000	0.200	exact	
D3DVertexBuffer_Lock	822EA088	826378D8	0.450	0.450	missing	
D3DVertexBuffer_Unlock	822EA0D8	820F4000	1.000	0.500	exact	
D3DDevice_CreateIndexBuffer	822EA0E8	820F4040	1.000	0.205	exact	
D3DIndexBuffer_Lock	822EA198	82848828	0.500	0.444	missing	
D3DIndexBuffer_Unlock	822EA1E0	82769CB0	1.000	1.000	ambiguous	82769CB0 820F4150
D3D_BeginVizQuery	822EA978	82784E70	0.135	0.135	missing	
D3D_EndVizQuery	822EAA48	82884450	0.167	0.146	missing	
D3DDevice_SetPredication	822F3D88	82102608	0.391	0.283	missing	
D3DDevice_BeginTiling	822F3EF8	828801A8	0.043	0.039	missing	
D3DDevice_EndTiling	822F4480	8210DA98	0.047	0.039	missing	
D3DDevice_Resolve	822F5028	8210C5F8	0.090	0.031	missing	
D3D_FlushTiledRenderState	822F6128	82781B98	0.043	0.043	missing	
D3D_WriteDirtyRegisterRange	822F64C0	82107520	1.000	0.146	exact	
D3D_WriteDirtyConstants	822F6860	825CF108	0.068	0.061	missing	
D3D_LoadShaderLiterals(LOAD_ALU_CONSTANT)	822F7408	82108470	1.000	0.159	exact	
D3D_FlushShaders(SetPending VS/PS/decl)	822F75F8	82108668	0.082	0.023	missing	
D3D_InternalClearDraw	822F9DB8	82102448	0.297	0.207	missing	
D3DDevice_Clear	822F9EE0	82101998	0.979	0.125	fuzzy	
D3D_ReserveInlineConstants(SET_CONSTANT)	82580358	82113010	1.000	0.225	exact	
D3DDevice_BeginVertices	825803F8	820FB6E8	0.121	0.062	missing	
D3DDevice_EndVertices	82580898	82551FD8	0.333	0.333	missing	
D3DDevice_DrawVerticesUP	825808B8	820FBBB0	0.583	0.375	missing	
D3DDevice_DrawVertices	82580918	820FBBF8	0.060	0.043	missing	
D3DDevice_DrawIndexedVertices	82580D00	820FC000	0.062	0.051	missing	
